data_id,iso,event_id_cnty,event_id_no_cnty,event_date,year,time_precision,event_type,sub_event_type,actor1,assoc_actor_1,inter1,actor2,assoc_actor_2,inter2,interaction,region,country,admin1,admin2,admin3,location,latitude,longitude,geo_precision,source,source_scale,notes,fatalities,timestamp,iso3
5294216,562,NIR150,150,31-Dec-03,2003,1,Battles,Armed clash,Police Forces of Nigeria (1999-2015),,8,Al-Sunna wal Jamma Militia,,3,38,Western Africa,Niger,Diffa,Maine Soroa,Maine Soroa,Kanama,13.0978,12.1028,1,AP,International,Islamic radical group attacks police stations,0,1561469221,NER
5294215,562,NIR149,149,30-Dec-03,2003,1,Battles,Armed clash,Police Forces of Nigeria (1999-2015),,8,Al-Sunna wal Jamma Militia,,3,38,Western Africa,Niger,Diffa,Maine Soroa,Maine Soroa,Kanama,13.0978,12.1028,1,AP,International,Islamic radical group attacks police stations,0,1561469221,NER
5920574,562,NIR148,148,08-Oct-03,2003,1,Riots,Violent demonstration,Rioters (Niger),Students (Niger),5,Police Forces of Niger (1999-2010),,1,15,Western Africa,Niger,Niamey,Ville de Niamey,Lamorde,Niamey,13.52,2.12,1,All Africa,Regional,University students rioted for better living conditions by setting up road barricades and setting tires on fire. Police responded by firing teargas into the crowd.,0,1567465430,NER
5920573,562,NIR147,147,06-Oct-03,2003,1,Riots,Violent demonstration,Rioters (Niger),Students (Niger),5,,,0,50,Western Africa,Niger,Niamey,Ville de Niamey,Lamorde,Niamey,13.52,2.12,1,US State Department,Other,Riot at Abdou Moumouni University dispelled by security forces.,0,1567465430,NER
5294213,562,NIR146,146,29-Sep-03,2003,1,Battles,Armed clash,Toubou Ethnic Militia (Niger),,4,Tuareg Ethnic Militia (Niger),,4,44,Western Africa,Niger,Zinder,Mirriah,Gouna,Zinder,13.65,9.1833,1,US State Department,Other,Toubou ethnic militia and Tuareg ethnic militia clash.,0,1561469221,NER
5294212,562,NIR145,145,01-Apr-03,2003,1,Protests,Peaceful protest,Protesters (Niger),,6,,,0,60,Western Africa,Niger,Niamey,Ville de Niamey,Lamorde,Niamey,13.52,2.12,1,AP,International,Thousands protest war in Iraq.,0,1561469221,NER
4993045,562,NIR144,144,09-Aug-02,2002,1,Violence against civilians,Attack,Mutiny of Military Forces of Niger (2000-2010),,1,Civilians (Niger),,7,17,Western Africa,Niger,Diffa,Diffa,Diffa,Diffa,13.32,12.61,1,All Africa,Regional,"After a nine day mutiny where soldiers demanded better living condition and pay, the government regained control of all areas. During the battle, 72 people who are unaccounted for, died. (36 are lablled as civilians who died by mutinous soldiers and 36 a",36,1552577654,NER
4993049,562,NIR143,143,09-Aug-02,2002,1,Violence against civilians,Attack,Military Forces of Niger (1999-2010),,1,Civilians (Niger),,7,17,Western Africa,Niger,Diffa,Diffa,Diffa,Diffa,13.32,12.61,1,All Africa,Regional,"After a nine day mutiny where soldiers demanded better living condition and pay, the government regained control of all areas. During the battle, 72 people who are unaccounted for, died. (36 are lablled as civilians who died by mutinous soldiers and 36 a",36,1552577654,NER
5294209,562,NIR140,140,09-Aug-02,2002,1,Battles,Government regains territory,Mutiny of Military Forces of Niger (1999-2010),,1,Military Forces of Niger (1999-2010),,1,11,Western Africa,Niger,Diffa,Diffa,Diffa,Diffa,13.32,12.61,1,AFP,International,Government regained territory taken by mutinous soldiers after nine days of fighting.,0,1561469221,NER
5294210,562,NIR141,141,09-Aug-02,2002,1,Battles,Government regains territory,Mutiny of Military Forces of Niger (1999-2010),,1,Military Forces of Niger (1999-2010),,1,11,Western Africa,Niger,Diffa,N'Guigmi,N Guigmi,N Guigmi,14.2495,13.1092,1,AFP,International,Government regained territory taken by mutinous soldiers after nine days of fighting.,0,1561469221,NER
5294211,562,NIR142,142,09-Aug-02,2002,1,Battles,Government regains territory,Mutiny of Military Forces of Niger (1999-2010),,1,Military Forces of Niger (1999-2010),,1,11,Western Africa,Niger,Diffa,N'Guigmi,ZR N Guigmi,Ngourti,15.3313,13.1993,1,AFP,International,Government regained territory taken by mutinous soldiers after nine days of fighting.,0,1561469221,NER
5294206,562,NIR137,137,08-Aug-02,2002,1,Battles,Non-state actor overtakes territory,Mutiny of Military Forces of Niger (1999-2010),,1,Military Forces of Niger (1999-2010),,1,11,Western Africa,Niger,Diffa,Diffa,Diffa,Diffa,13.32,12.61,1,AFP,International,"Soldiers mutinied over unpaid wages and living conditions. They took over the areas of: NGourti, Nguigmi, and Diffa. During the nine days of fighting, a curfew was imposed, government buildings were occupied in Diffa, and at least one rebel and one sold",1,1561469221,NER
5294207,562,NIR138,138,08-Aug-02,2002,1,Battles,Non-state actor overtakes territory,Mutiny of Military Forces of Niger (1999-2010),,1,Military Forces of Niger (1999-2010),,1,11,Western Africa,Niger,Diffa,N'Guigmi,N Guigmi,N Guigmi,14.2495,13.1092,1,AFP,International,"Soldiers mutinied over unpaid wages and living conditions. They took over the areas of: NGourti, Nguigmi, and Diffa. During the nine days of fighting, a curfew was imposed, government buildings were occupied in Diffa, and at least one rebel and one sold",0,1561469221,NER
5294208,562,NIR139,139,08-Aug-02,2002,1,Battles,Non-state actor overtakes territory,Mutiny of Military Forces of Niger (1999-2010),,1,Military Forces of Niger (1999-2010),,1,11,Western Africa,Niger,Diffa,N'Guigmi,ZR N Guigmi,Ngourti,15.3313,13.1993,1,AFP,International,"Soldiers mutinied over unpaid wages and living conditions. They took over the areas of: NGourti, Nguigmi, and Diffa. During the nine days of fighting, a curfew was imposed, government buildings were occupied in Diffa, and at least one rebel and one sold",0,1561469221,NER
5294203,562,NIR134,134,07-Aug-02,2002,1,Battles,Non-state actor overtakes territory,Mutiny of Military Forces of Niger (1999-2010),,1,Military Forces of Niger (1999-2010),,1,11,Western Africa,Niger,Diffa,Diffa,Diffa,Diffa,13.32,12.61,1,AFP,International,"Soldiers mutinied over unpaid wages and living conditions. They took over the areas of: NGourti, Nguigmi, and Diffa. During the nine days of fighting, a curfew was imposed, government buildings were occupied in Diffa, and at least one rebel and one sold",0,1561469221,NER
5294204,562,NIR135,135,07-Aug-02,2002,1,Battles,Non-state actor overtakes territory,Mutiny of Military Forces of Niger (1999-2010),,1,Military Forces of Niger (1999-2010),,1,11,Western Africa,Niger,Diffa,N'Guigmi,N Guigmi,N Guigmi,14.2495,13.1092,1,AFP,International,"Soldiers mutinied over unpaid wages and living conditions. They took over the areas of: NGourti, Nguigmi, and Diffa. During the nine days of fighting, a curfew was imposed, government buildings were occupied in Diffa, and at least one rebel and one sold",0,1561469221,NER
5294205,562,NIR136,136,07-Aug-02,2002,1,Battles,Non-state actor overtakes territory,Mutiny of Military Forces of Niger (1999-2010),,1,Military Forces of Niger (1999-2010),,1,11,Western Africa,Niger,Diffa,N'Guigmi,ZR N Guigmi,Ngourti,15.3313,13.1993,1,AFP,International,"Soldiers mutinied over unpaid wages and living conditions. They took over the areas of: NGourti, Nguigmi, and Diffa. During the nine days of fighting, a curfew was imposed, government buildings were occupied in Diffa, and at least one rebel and one sold",0,1561469221,NER
5294200,562,NIR131,131,06-Aug-02,2002,1,Battles,Non-state actor overtakes territory,Mutiny of Military Forces of Niger (1999-2010),,1,Military Forces of Niger (1999-2010),,1,11,Western Africa,Niger,Diffa,Diffa,Diffa,Diffa,13.32,12.61,1,AFP,International,"Soldiers mutinied over unpaid wages and living conditions. They took over the areas of: NGourti, Nguigmi, and Diffa. During the nine days of fighting, a curfew was imposed, government buildings were occupied in Diffa, and at least one rebel and one sold",0,1561469221,NER
5294201,562,NIR132,132,06-Aug-02,2002,1,Battles,Non-state actor overtakes territory,Mutiny of Military Forces of Niger (1999-2010),,1,Military Forces of Niger (1999-2010),,1,11,Western Africa,Niger,Diffa,N'Guigmi,N Guigmi,N Guigmi,14.2495,13.1092,1,AFP,International,"Soldiers mutinied over unpaid wages and living conditions. They took over the areas of: NGourti, Nguigmi, and Diffa. During the nine days of fighting, a curfew was imposed, government buildings were occupied in Diffa, and at least one rebel and one sold",0,1561469221,NER
5294202,562,NIR133,133,06-Aug-02,2002,1,Battles,Non-state actor overtakes territory,Mutiny of Military Forces of Niger (1999-2010),,1,Military Forces of Niger (1999-2010),,1,11,Western Africa,Niger,Diffa,N'Guigmi,ZR N Guigmi,Ngourti,15.3313,13.1993,1,AFP,International,"Soldiers mutinied over unpaid wages and living conditions. They took over the areas of: NGourti, Nguigmi, and Diffa. During the nine days of fighting, a curfew was imposed, government buildings were occupied in Diffa, and at least one rebel and one sold",0,1561469221,NER
6306090,562,NIR129,129,05-Aug-02,2002,1,Battles,Armed clash,Mutiny of Military Forces of Niger (1999-2010),,1,Military Forces of Niger (1999-2010),,1,11,Western Africa,Niger,Niamey,Ville de Niamey,Lamorde,Niamey,13.52,2.12,1,RFI,International,"Soldier attempted to mutiny over non-payment of wages and poor living condition like the soldier in NGourti, Diffa and Nguigmi. However, government soldiers were able to quell the mutiny. Rebel soldiers took people hostage but they were released.",0,1572403774,NER
5294195,562,NIR126,126,05-Aug-02,2002,1,Battles,Non-state actor overtakes territory,Mutiny of Military Forces of Niger (1999-2010),,1,Military Forces of Niger (1999-2010),,1,11,Western Africa,Niger,Diffa,Diffa,Diffa,Diffa,13.32,12.61,1,AFP,International,"Soldiers mutinied over unpaid wages and living conditions. They took over the areas of: NGourti, Nguigmi, and Diffa. During the nine days of fighting, a curfew was imposed, government buildings were occupied in Diffa, and at least one rebel and one sold",0,1561469221,NER
5294196,562,NIR127,127,05-Aug-02,2002,1,Battles,Non-state actor overtakes territory,Mutiny of Military Forces of Niger (1999-2010),,1,Military Forces of Niger (1999-2010),,1,11,Western Africa,Niger,Diffa,N'Guigmi,N Guigmi,N Guigmi,14.2495,13.1092,1,AFP,International,"Soldiers mutinied over unpaid wages and living conditions. They took over the areas of: NGourti, Nguigmi, and Diffa. During the nine days of fighting, a curfew was imposed, government buildings were occupied in Diffa, and at least one rebel and one sold",0,1561469221,NER
5294197,562,NIR128,128,05-Aug-02,2002,1,Battles,Non-state actor overtakes territory,Mutiny of Military Forces of Niger (1999-2010),,1,Military Forces of Niger (1999-2010),,1,11,Western Africa,Niger,Diffa,N'Guigmi,ZR N Guigmi,Ngourti,15.3313,13.1993,1,AFP,International,"Soldiers mutinied over unpaid wages and living conditions. They took over the areas of: NGourti, Nguigmi, and Diffa. During the nine days of fighting, a curfew was imposed, government buildings were occupied in Diffa, and at least one rebel and one sold",0,1561469221,NER
6306012,562,NIR130,130,05-Aug-02,2002,1,Violence against civilians,Abduction/forced disappearance,Mutiny of Military Forces of Niger (1999-2010),,1,Civilians (Niger),,7,17,Western Africa,Niger,Niamey,Ville de Niamey,Lamorde,Niamey,13.52,2.12,1,RFI,International,Soldiers who attempted to mutiny over non-payment of wages took people hostage but they were released.,0,1572403774,NER
5294192,562,NIR123,123,04-Aug-02,2002,1,Battles,Non-state actor overtakes territory,Mutiny of Military Forces of Niger (1999-2010),,1,Military Forces of Niger (1999-2010),,1,11,Western Africa,Niger,Diffa,Diffa,Diffa,Diffa,13.32,12.61,1,AFP,International,"Soldiers mutinied over unpaid wages and living conditions. They took over the areas of: NGourti, Nguigmi, and Diffa. During the nine days of fighting, a curfew was imposed, government buildings were occupied in Diffa, and at least one rebel and one sold",0,1561469221,NER
5294193,562,NIR124,124,04-Aug-02,2002,1,Battles,Non-state actor overtakes territory,Mutiny of Military Forces of Niger (1999-2010),,1,Military Forces of Niger (1999-2010),,1,11,Western Africa,Niger,Diffa,N'Guigmi,N Guigmi,N Guigmi,14.2495,13.1092,1,AFP,International,"Soldiers mutinied over unpaid wages and living conditions. They took over the areas of: NGourti, Nguigmi, and Diffa. During the nine days of fighting, a curfew was imposed, government buildings were occupied in Diffa, and at least one rebel and one sold",0,1561469221,NER
5294194,562,NIR125,125,04-Aug-02,2002,1,Battles,Non-state actor overtakes territory,Mutiny of Military Forces of Niger (1999-2010),,1,Military Forces of Niger (1999-2010),,1,11,Western Africa,Niger,Diffa,N'Guigmi,ZR N Guigmi,Ngourti,15.3313,13.1993,1,AFP,International,"Soldiers mutinied over unpaid wages and living conditions. They took over the areas of: NGourti, Nguigmi, and Diffa. During the nine days of fighting, a curfew was imposed, government buildings were occupied in Diffa, and at least one rebel and one sold",0,1561469221,NER
5294189,562,NIR120,120,03-Aug-02,2002,1,Battles,Non-state actor overtakes territory,Mutiny of Military Forces of Niger (1999-2010),,1,Military Forces of Niger (1999-2010),,1,11,Western Africa,Niger,Diffa,Diffa,Diffa,Diffa,13.32,12.61,1,AFP,International,"Soldiers mutinied over unpaid wages and living conditions. They took over the areas of: NGourti, Nguigmi, and Diffa. During the nine days of fighting, a curfew was imposed, government buildings were occupied in Diffa, and at least one rebel and one sold",0,1561469221,NER
5294190,562,NIR121,121,03-Aug-02,2002,1,Battles,Non-state actor overtakes territory,Mutiny of Military Forces of Niger (1999-2010),,1,Military Forces of Niger (1999-2010),,1,11,Western Africa,Niger,Diffa,N'Guigmi,N Guigmi,N Guigmi,14.2495,13.1092,1,AFP,International,"Soldiers mutinied over unpaid wages and living conditions. They took over the areas of: NGourti, Nguigmi, and Diffa. During the nine days of fighting, a curfew was imposed, government buildings were occupied in Diffa, and at least one rebel and one sold",0,1561469221,NER
5294191,562,NIR122,122,03-Aug-02,2002,1,Battles,Non-state actor overtakes territory,Mutiny of Military Forces of Niger (1999-2010),,1,Military Forces of Niger (1999-2010),,1,11,Western Africa,Niger,Diffa,N'Guigmi,ZR N Guigmi,Ngourti,15.3313,13.1993,1,AFP,International,"Soldiers mutinied over unpaid wages and living conditions. They took over the areas of: NGourti, Nguigmi, and Diffa. During the nine days of fighting, a curfew was imposed, government buildings were occupied in Diffa, and at least one rebel and one sold",0,1561469221,NER
5294185,562,NIR117,117,02-Aug-02,2002,1,Battles,Non-state actor overtakes territory,Mutiny of Military Forces of Niger (1999-2010),,1,Military Forces of Niger (1999-2010),,1,11,Western Africa,Niger,Diffa,Diffa,Diffa,Diffa,13.32,12.61,1,AFP,International,"Soldiers mutinied over unpaid wages and living conditions. They took over the areas of: NGourti, Nguigmi, and Diffa. During the nine days of fighting, a curfew was imposed, government buildings were occupied in Diffa, and at least one rebel and one sold",0,1561469221,NER
5294186,562,NIR118,118,02-Aug-02,2002,1,Battles,Non-state actor overtakes territory,Mutiny of Military Forces of Niger (1999-2010),,1,Military Forces of Niger (1999-2010),,1,11,Western Africa,Niger,Diffa,N'Guigmi,N Guigmi,N Guigmi,14.2495,13.1092,1,AFP,International,"Soldiers mutinied over unpaid wages and living conditions. They took over the areas of: NGourti, Nguigmi, and Diffa. During the nine days of fighting, a curfew was imposed, government buildings were occupied in Diffa, and at least one rebel and one sold",0,1561469221,NER
5294187,562,NIR119,119,02-Aug-02,2002,1,Battles,Non-state actor overtakes territory,Mutiny of Military Forces of Niger (1999-2010),,1,Military Forces of Niger (1999-2010),,1,11,Western Africa,Niger,Diffa,N'Guigmi,ZR N Guigmi,Ngourti,15.3313,13.1993,1,AFP,International,"Soldiers mutinied over unpaid wages and living conditions. They took over the areas of: NGourti, Nguigmi, and Diffa. During the nine days of fighting, a curfew was imposed, government buildings were occupied in Diffa, and at least one rebel and one sold",0,1561469221,NER
5294182,562,NIR114,114,01-Aug-02,2002,1,Battles,Non-state actor overtakes territory,Mutiny of Military Forces of Niger (1999-2010),,1,Military Forces of Niger (1999-2010),,1,11,Western Africa,Niger,Diffa,Diffa,Diffa,Diffa,13.32,12.61,1,AFP,International,"Soldiers mutinied over unpaid wages and living conditions. They took over the areas of: NGourti, Nguigmi, and Diffa. During the nine days of fighting, a curfew was imposed, government buildings were occupied in Diffa, and at least one rebel and one sold",0,1561469221,NER
5294183,562,NIR115,115,01-Aug-02,2002,1,Battles,Non-state actor overtakes territory,Mutiny of Military Forces of Niger (1999-2010),,1,Military Forces of Niger (1999-2010),,1,11,Western Africa,Niger,Diffa,N'Guigmi,N Guigmi,N Guigmi,14.2495,13.1092,1,AFP,International,"Soldiers mutinied over unpaid wages and living conditions. They took over the areas of: NGourti, Nguigmi, and Diffa. During the nine days of fighting, a curfew was imposed, government buildings were occupied in Diffa, and at least one rebel and one sold",0,1561469221,NER
5294184,562,NIR116,116,01-Aug-02,2002,1,Battles,Non-state actor overtakes territory,Mutiny of Military Forces of Niger (1999-2010),,1,Military Forces of Niger (1999-2010),,1,11,Western Africa,Niger,Diffa,N'Guigmi,ZR N Guigmi,Ngourti,15.3313,13.1993,1,AFP,International,"Soldiers mutinied over unpaid wages and living conditions. They took over the areas of: NGourti, Nguigmi, and Diffa. During the nine days of fighting, a curfew was imposed, government buildings were occupied in Diffa, and at least one rebel and one sold",0,1561469221,NER
5294179,562,NIR111,111,31-Jul-02,2002,1,Battles,Non-state actor overtakes territory,Mutiny of Military Forces of Niger (1999-2010),,1,Military Forces of Niger (1999-2010),,1,11,Western Africa,Niger,Diffa,Diffa,Diffa,Diffa,13.32,12.61,1,AFP,International,"Soldiers mutinied over unpaid wages and living conditions. They took over the areas of: NGourti, Nguigmi, and Diffa. During the nine days of fighting, a curfew was imposed, government buildings were occupied in Diffa, and at least one rebel and one sold",0,1561469221,NER
5294180,562,NIR112,112,31-Jul-02,2002,1,Battles,Non-state actor overtakes territory,Mutiny of Military Forces of Niger (1999-2010),,1,Military Forces of Niger (1999-2010),,1,11,Western Africa,Niger,Diffa,N'Guigmi,N Guigmi,N Guigmi,14.2495,13.1092,1,AFP,International,"Soldiers mutinied over unpaid wages and living conditions. They took over the areas of: NGourti, Nguigmi, and Diffa. During the nine days of fighting, a curfew was imposed, government buildings were occupied in Diffa, and at least one rebel and one sold",0,1561469221,NER
5294181,562,NIR113,113,31-Jul-02,2002,1,Battles,Non-state actor overtakes territory,Mutiny of Military Forces of Niger (1999-2010),,1,Military Forces of Niger (1999-2010),,1,11,Western Africa,Niger,Diffa,N'Guigmi,ZR N Guigmi,Ngourti,15.3313,13.1993,1,AFP,International,"Soldiers mutinied over unpaid wages and living conditions. They took over the areas of: NGourti, Nguigmi, and Diffa. During the nine days of fighting, a curfew was imposed, government buildings were occupied in Diffa, and at least one rebel and one sold",0,1561469221,NER
5879670,562,NIR109,109,26-Jul-02,2002,1,Battles,Armed clash,Military Forces of Niger (1999-2010),,1,Unidentified Armed Group (Niger),,3,13,Western Africa,Niger,Tillaberi,Say,Torodi,Fayra,13.02,1.71,1,Voix du Sahel,National,Armed bandits attacked military officers- killing two officers and leaving three missing.,2,1567462294,NER
4993221,562,NIR110,110,26-Jul-02,2002,1,Battles,Armed clash,Unidentified Armed Group (Niger),,3,Military Forces of Niger (1999-2010),,1,13,Western Africa,Niger,Agadez,Arlit,ZR Arlit,Iferouane,19.0625,8.42,1,All Africa,Regional,"Clashes broke out between the military and armed bandits led by Aboubakar Alabou. While military persons died in the attack, it is not stated how many. Three military men were taken hostage.",0,1552577654,NER
5920572,562,NIR108,108,20-May-02,2002,1,Riots,Violent demonstration,Rioters (Niger),Students (Niger),5,Police Forces of Niger (1999-2010),,1,15,Western Africa,Niger,Niamey,Ville de Niamey,Lamorde,Niamey,13.52,2.12,1,AFP,International,University students clashed with police while protesting for the payment of scholarship arrears. Police fired teargas at the protesters and protesters threw stones at police.,0,1567465430,NER
5294177,562,NIR106,106,13-Feb-02,2002,1,Protests,Excessive force against protesters,Protesters (Niger),,6,Police Forces of Niger (1999-2010),,1,16,Western Africa,Niger,Diffa,N'Guigmi,N Guigmi,N Guigmi,14.2495,13.1092,1,AFP,International,Security forces shot at a crowd of protesting truck drivers at NGuigmi airport. One person was killed and six injured. Truck drivers were protesting against police harassment.,1,1561469221,NER
5294176,562,NIR105,105,07-Feb-02,2002,1,Battles,Armed clash,Police Forces of Niger (1999-2010),,1,Unidentified Armed Group (Niger),,3,13,Western Africa,Niger,Agadez,Tchirozerine,ZR Tchirozerine,Agadez,16.97,7.99,1,AFP,International,Police broke up a group of armed bandits operating in the Northern parts of Niger. The Northern part of Niger has seen many attacks on tourists but the attacks have declined since police forces increased presence in 1999.,0,1561469221,NER
5920571,562,NIR104,104,28-Jan-02,2002,1,Riots,Violent demonstration,Rioters (Niger),Students (Niger),5,Police Forces of Niger (1999-2010),,1,15,Western Africa,Niger,Niamey,Ville de Niamey,Lamorde,Niamey,13.52,2.12,1,AFP,International,Students erectd barricades of burning tires to protest for the re-opening of a Univeersity campus. Police dispersed the rioters.,0,1567465430,NER
5920570,562,NIR103,103,16-Jan-02,2002,1,Riots,Violent demonstration,Rioters (Niger),Students (Niger),5,Police Forces of Niger (1999-2010),,1,15,Western Africa,Niger,Niamey,Ville de Niamey,Lamorde,Niamey,13.52,2.12,1,AFP,International,Students burned tires to demand the re-opening of a campus that had been shut down the previous year. Rioters clashed with police.,0,1567465430,NER
5294173,562,NIR102,102,12-Sep-01,2001,1,Battles,Government regains territory,FARS: Revolutionary Armed Forces of the Sahara,,2,Military Forces of Niger (1999-2010),,1,12,Western Africa,Niger,Agadez,Tchirozerine,ZR Tchirozerine,Agadez,16.97,7.99,1,AFP,International,"Clashes broke out between Revolutionary Armed Forces of the Sahara and Niger army. During the battle, one of the FARS leaders, Chahayi Barkaye was killed. The army took munitions from FARS and destroyed two of their bases. It is not known how many died.",1,1561469221,NER
5294172,562,NIR101,101,08-Jun-01,2001,1,Riots,Mob violence,Rioters (Niger),Toubou Ethnic Militia (Niger); Labour Group (Niger),5,Rioters (Niger),Hausa Ethnic Militia (Niger); Labour Group (Niger),5,55,Western Africa,Niger,Agadez,Bilma,Kawar,Dirkou,18.98,12.85,1,AFP,International,"Fighting broke out between merchants from two different groups: Haussa and Toubou. Two people died, five wells were poisoned, and part of the market was burned down.",2,1561469221,NER
4998462,562,NIR100,100,08-Apr-01,2001,1,Protests,Peaceful protest,Protesters (Niger),,6,,,0,60,Western Africa,Niger,Niamey,Ville de Niamey,Lamorde,Niamey,13.52,2.12,1,Reuters,International,Protesters demanded that an inquiry into the assassination of Mainassara.,0,1552577661,NER
4998601,562,NIR99,99,26-Mar-01,2001,1,Violence against civilians,Attack,Unidentified Armed Group (Niger),,3,Civilians (Niger),,7,37,Western Africa,Niger,Agadez,Tchirozerine,ZR Tchirozerine,El Mecki,17.73,8.28,1,Reuters,International,A group of unidentified armed men attacked and took hostage a group of German tourists.,0,1552577661,NER
5920605,562,NIR98,98,22-Feb-01,2001,1,Riots,Violent demonstration,Rioters (Niger),Students (Niger),5,Police Forces of Niger (1999-2010),,1,15,Western Africa,Niger,Niamey,Ville de Niamey,Lamorde,Niamey,13.52,2.12,1,AFP,International,Student rioted over bad living conditions and unpaid scholarships. Police fired teargas into the crowd. Rioters responded by throwing stones. Over 46 people were injured during the riots.,0,1567465430,NER
5920604,562,NIR97,97,21-Feb-01,2001,1,Riots,Violent demonstration,Rioters (Niger),Students (Niger),5,Police Forces of Niger (1999-2010),,1,15,Western Africa,Niger,Niamey,Ville de Niamey,Lamorde,Niamey,13.52,2.12,1,AFP,International,Student rioted over bad living conditions and unpaid scholarships. Police fired teargas into the crowd. Rioters responded by throwing stones. One officer was killed.,1,1567465430,NER
5294670,562,NIR96,96,30-Jan-01,2001,1,Violence against civilians,Attack,Unidentified Armed Group (Niger),,3,Civilians (Niger),,7,37,Western Africa,Niger,Agadez,Arlit,ZR Arlit,Iferouane,19.0625,8.42,1,AFP,International,Tourists were attacked by armed bandits.,0,1561469222,NER
5294669,562,NIR95,95,18-Jan-01,2001,1,Protests,Peaceful protest,Protesters (Niger),Alliance of Democratic Forces,6,,,0,60,Western Africa,Niger,Niamey,Ville de Niamey,Lamorde,Niamey,13.52,2.12,1,AFP,International,The Alliance of Democratic Forces protested in support of Niger Prime Minister Hama Amadou. The group denounced the oppositions verbal attacks on the government.,0,1561469222,NER
5920602,562,NIR94,94,12-Jan-01,2001,1,Riots,Violent demonstration,Rioters (Niger),Students (Niger),5,Police Forces of Niger (1999-2010),,1,15,Western Africa,Niger,Niamey,Ville de Niamey,Lamorde,Niamey,13.52,2.12,1,Reuters,International,Students rioted over non-payment of their grants by setting tires on fire and building barricades. Police used teargas to break up the riots.,0,1567465430,NER
5294660,562,NIR91,91,09-Nov-00,2000,1,Riots,Violent demonstration,Rioters (Niger),Islamist Militia (Niger),5,Police Forces of Niger (1999-2010),,1,15,Western Africa,Niger,Niamey,Ville de Niamey,Lamorde,Niamey,13.52,2.12,1,AFP,International,"Clashes erupted between muslim fundamentalists and police. Muslim fundamentalists were protesting a fashion show that was to be held in Niamey. During the protest, rioters set bars on fire, houses where they thought sex workers lived, and stalls of the n",0,1561469222,NER
6255246,562,NIR93,93,09-Nov-00,2000,1,Riots,Violent demonstration,Rioters (Niger),Islamist Militia (Niger),5,Police Forces of Niger (1999-2010),,1,15,Western Africa,Niger,Maradi,Madarounfa,Mjiratawa,Maradi,13.5,7.1017,1,BBC News,International,"Clashes erupted between muslim fundamentalists and police. Muslim fundamentalists were protesting a fashion show. During the protest, rioters set bars and houses on fire. Police responded to the protests with teargas.",0,1572403704,NER
5294655,562,NIR90,90,08-Nov-00,2000,1,Riots,Violent demonstration,Rioters (Niger),Islamist Militia (Niger),5,Police Forces of Niger (1999-2010),,1,15,Western Africa,Niger,Niamey,Ville de Niamey,Lamorde,Niamey,13.52,2.12,1,AFP,International,"Clashes erupted between muslim fundamentalists and police. Muslim fundamentalists were protesting a fashion show that was to be held in Niamey. During the protest, rioters set bars on fire, houses where they thought sex workers lived, and stalls of the n",0,1561469222,NER
5920601,562,NIR89,89,06-Nov-00,2000,1,Protests,Peaceful protest,Protesters (Niger),Teachers (Niger),6,,,0,60,Western Africa,Niger,Niamey,Ville de Niamey,Lamorde,Niamey,13.52,2.12,1,AFP,International,Teachers demonstrated to receive back wages.,0,1567465430,NER
5920600,562,NIR88,88,16-Oct-00,2000,1,Protests,Peaceful protest,Protesters (Niger),Teachers (Niger),6,,,0,60,Western Africa,Niger,Niamey,Ville de Niamey,Lamorde,Niamey,13.52,2.12,1,AFP,International,Teachers protested over unpaid wages by failing to turn up to school.,0,1567465430,NER
6306867,562,NIR87,87,28-Aug-00,2000,1,Riots,Violent demonstration,Rioters (Niger),,5,,,0,50,Western Africa,Niger,Dosso,Dosso,Dosso,Lete Island,12.133,3.167,1,RFI,International,Nigerien farmers destroyed Beninese farmers crops,0,1572403775,NER
6306882,562,NIR86,86,28-Aug-00,2000,1,Riots,Violent demonstration,Rioters (Benin),Farmers (Benin),5,,,0,50,Western Africa,Niger,Dosso,Dosso,Dosso,Lete Island,12.133,3.167,1,RFI,International,Beninese farmers destroyed Nigerien farmers crops,0,1572403775,NER
5001792,562,NIR85,85,10-Jun-00,2000,1,Violence against civilians,Abduction/forced disappearance,Mutiny of Military Forces of Niger (1999-2010),,1,Civilians (Niger),,7,17,Western Africa,Niger,Niamey,Ville de Niamey,Lamorde,Niamey,13.52,2.12,1,Reuters,International,"Major Djibrilla Hima, spokesman for the junta that took power after the coup in 1999, was kidnapped by soldiers who staged mutinies in previous years.",0,1552577664,NER
5920599,562,NIR84,84,22-May-00,2000,1,Riots,Violent demonstration,Rioters (Niger),Students (Niger),5,Police Forces of Niger (1999-2010),,1,15,Western Africa,Niger,Niamey,Ville de Niamey,Lamorde,Niamey,13.52,2.12,1,Reuters,International,Student protests for an extended school year and grants turned violent when protesters began stoning cars and erecting barricades. Police intervened.,0,1567465430,NER
5002577,562,NIR83,83,09-Apr-00,2000,1,Protests,Peaceful protest,Protesters (Niger),,6,,,0,60,Western Africa,Niger,Niamey,Ville de Niamey,Lamorde,Niamey,13.52,2.12,1,Reuters,International,Protesters demanded an international inquiry into the assassination of Mainassara.,0,1552577665,NER
5294606,562,NIR82,82,31-Dec-99,1999,1,Protests,Peaceful protest,Protesters (Niger),,6,,,0,60,Western Africa,Niger,Niamey,Ville de Niamey,Lamorde,Niamey,13.52,2.12,1,AFP,International,Supporters of Mainassara protested the planned amnesty of the soldiers who plotted the military assassination of Mainassara.,0,1561469222,NER
5920598,562,NIR81,81,19-Nov-99,1999,1,Riots,Violent demonstration,Rioters (Niger),Students (Niger),5,Police Forces of Niger (1996-1999),,1,15,Western Africa,Niger,Niamey,Ville de Niamey,Lamorde,Niamey,13.52,2.12,1,Reuters,International,Students protested over bursary arrears and living conditions. Students warned there were be further protests around Presidential elections if they were not held or free and fair. Police responded to the protest with teargas.,0,1567465430,NER
5004103,562,NIR80,80,15-Nov-99,1999,1,Battles,Armed clash,Unidentified Communal Militia (Niger),Pastoralists (Niger),4,Unidentified Communal Militia (Niger),Farmers (Niger),4,44,Western Africa,Niger,Tillaberi,Kollo,Kirtachi,Sounga Beri,12.89,2.41,1,Reuters,International,Fighting broke out between nomadic herdsmen and farmers. Five people were killed and 15 wounded. It is not stated which side of the violece the five dead were on.,5,1552577667,NER
6306603,562,NIR78,78,06-Oct-99,1999,1,Riots,Mob violence,Police Forces of Niger (1996-1999),,1,Rioters (Niger),Islamist Militia (Niger),5,15,Western Africa,Niger,Maradi,Madarounfa,Mjiratawa,Maradi,13.5,7.1017,1,RFI,International,Islamic fundamentalists attacked a radio station that was allowing a spiritual leader to speak on the convention relating to the elimination of all forms of discrimination against women in Niger. Police intervened and no one was seriously injured.,0,1572403775,NER
6306448,562,NIR79,79,06-Oct-99,1999,1,Violence against civilians,Attack,Islamist Militia (Niger),,3,Civilians (Niger),,7,37,Western Africa,Niger,Maradi,Madarounfa,Mjiratawa,Maradi,13.5,7.1017,1,RFI,International,Islamic fundamentalists attacked a radio station that was allowing a spiritual leader to speak on the convention relating to the elimination of all forms of discrimination against women in Niger. Police intervened and no one was seriously injured.,0,1572403775,NER
5006916,562,NIR77,77,09-Apr-99,1999,1,Violence against civilians,Attack,Mutiny of Military Forces of Niger (1996-1999),,1,Civilians (Niger),,7,17,Western Africa,Niger,Niamey,Ville de Niamey,Lamorde,Niamey,13.52,2.12,1,Reuters,International,"Soldiers rebelled and assassinated President Mainassara. Four other people were killed in the attack. The Prime Minister, Mayaki, announced the dissolution of parliament and suspension of political activities. Wanke, military head and coup leader, took o",0,1552577670,NER
5131635,562,NIR76,76,09-Apr-99,1999,1,Battles,Non-state actor overtakes territory,Mutiny of Military Forces of Niger (1996-1999),,1,Military Forces of Niger (1996-1999),,1,11,Western Africa,Niger,Niamey,Ville de Niamey,Lamorde,Niamey,13.52,2.12,1,Reuters,International,"Soldiers rebelled and assassinated President Mainassara. Four other people were killed in the attack. The Prime Minister, Mayaki, announced the dissolution of parliament and suspension of political activities. Wanke, military head and coup leader, took o",5,1555958740,NER
5920597,562,NIR75,75,24-Mar-99,1999,1,Protests,Peaceful protest,Protesters (Niger),Teachers (Niger),6,,,0,60,Western Africa,Niger,Niamey,Ville de Niamey,Lamorde,Niamey,13.52,2.12,1,Reuters,International,Teachers and public sector workers protested over wages.,0,1567465430,NER
5007295,562,NIR74,74,13-Mar-99,1999,1,Violence against civilians,Attack,Unidentified Armed Group (Niger),,3,Civilians (Niger),,7,37,Western Africa,Niger,Niamey,Ville de Niamey,Lamorde,Niamey,13.52,2.12,1,Reuters,International,"Four unidentified armed men attacked the editor, Ali Chekou Maina. Maina edits the pro-opposition paper, La Voie du Citoyen.",0,1552577671,NER
5007929,562,NIR73,73,30-Jan-99,1999,1,Protests,Peaceful protest,Protesters (Niger),,6,,,0,60,Western Africa,Niger,Niamey,Ville de Niamey,Lamorde,Niamey,13.52,2.12,1,All Africa,Regional,Activists protested for transparent elections scheduled for 7th February.,0,1552577671,NER
5769479,562,NIR72,72,01-Dec-98,1998,1,Violence against civilians,Attack,Unidentified Armed Group (Niger),,3,Civilians (Niger),,7,37,Western Africa,Niger,Diffa,Maine Soroa,Goudoumaria,Boultouram,13.72,11.3,1,IRIN,International,The mass grave of 150 people was found two months after the Toubou rebels signed a peace agreement. (Most of the bodies are Toubou). It is suspected that the government is responsible for the killings but it is unknown who orchestrated the killings.,150,1567462158,NER
5010440,562,NIR69,69,04-Aug-98,1998,1,Battles,Armed clash,Police Forces of Niger (1996-1999),,1,Djermas Ethnic Militia (Niger),,4,14,Western Africa,Niger,Niamey,Ville de Niamey,Lamorde,Niamey,13.52,2.12,1,Reuters,International,"After clashes broke out between Djermas ethnic group and Tuaregs, one person was killed and six wounded. Police intervened with teargas.",1,1552577674,NER
5010441,562,NIR70,70,04-Aug-98,1998,1,Battles,Armed clash,Police Forces of Niger (1996-1999),,1,Tuareg Ethnic Militia (Niger),,4,14,Western Africa,Niger,Niamey,Ville de Niamey,Lamorde,Niamey,13.52,2.12,1,Reuters,International,"After clashes broke out between Djermas ethnic group and Tuaregs, one person was killed and six wounded. Police intervened with teargas.",0,1552577674,NER
5010442,562,NIR71,71,04-Aug-98,1998,1,Battles,Armed clash,Djermas Ethnic Militia (Niger),,4,Tuareg Ethnic Militia (Niger),,4,44,Western Africa,Niger,Niamey,Ville de Niamey,Lamorde,Niamey,13.52,2.12,1,Reuters,International,"After clashes broke out between Djermas ethnic group and Tuaregs, one person was killed and six wounded. Police intervened with teargas.",0,1552577674,NER
5011130,562,NIR68,68,28-May-98,1998,1,Battles,Armed clash,Diawondo Ethnic Militia (Niger),,4,Waze Ethnic Militia (Niger),,4,44,Western Africa,Niger,Dosso,Dosso,Dosso,Boboye,13.13,3,1,Reuters,International,A land dispute broke out between two villages: Waze and Diawondo. The clashes resulted in 16 deaths and 10 people wounded.,16,1552577675,NER
5920596,562,NIR67,67,23-Apr-98,1998,1,Protests,Protest with intervention,Protesters (Niger),Students (Niger),6,Police Forces of Niger (1996-1999),,1,16,Western Africa,Niger,Niamey,Ville de Niamey,Lamorde,Niamey,13.52,2.12,1,Reuters,International,Police fired teargas at students protesting for bursary arrears.,0,1567465430,NER
5920595,562,NIR66,66,22-Apr-98,1998,1,Protests,Protest with intervention,Protesters (Niger),Students (Niger),6,Police Forces of Niger (1996-1999),,1,16,Western Africa,Niger,Niamey,Ville de Niamey,Lamorde,Niamey,13.52,2.12,1,Reuters,International,Police fired teargas at students protesting for bursary arrears.,0,1567465430,NER
5011539,562,NIR65,65,20-Apr-98,1998,1,Violence against civilians,Attack,Unidentified Armed Group (Niger),,3,Civilians (Niger),FRDD: Front for the Restoration and Defence of Democracy,7,37,Western Africa,Niger,Niamey,Ville de Niamey,Lamorde,Niamey,13.52,2.12,1,Reuters,International,"An unidentified armed group attacked the home of opposition coordinator, Ali Sabo. As a result of the attack, the Front for the Restoration and Defence of Democracy said they would increase pressure to call for the resignation of President Mainassara.",0,1552577675,NER
5011549,562,NIR63,63,19-Apr-98,1998,1,Riots,Violent demonstration,Rioters (Niger),FRDD: Front for the Restoration and Defence of Democracy,5,Police Forces of Niger (1996-1999),,1,15,Western Africa,Niger,Zinder,Mirriah,Gouna,Zinder,13.65,9.1833,1,Reuters,International,Opposition militants set a police station and headquarters of the ruling party on fire. They were calling for the resignation of President Mainassara. Police from Niamey were brought in to control the situation.,0,1552577675,NER
5011555,562,NIR64,64,19-Apr-98,1998,1,Riots,Violent demonstration,Rioters (Niger),FRDD: Front for the Restoration and Defence of Democracy,5,Civilians (Niger),,7,57,Western Africa,Niger,Maradi,Madarounfa,Mjiratawa,Maradi,13.5,7.1017,1,Reuters,International,Members of the Front for the Restoration and Defence of Democracy held protests calling for the resignation of President Mainassara. FRDD supporters hurled stones at vehicles carrying ruling party supporters and attacked vehicles.,0,1552577675,NER
5011559,562,NIR61,61,18-Apr-98,1998,1,Riots,Violent demonstration,Rioters (Niger),FRDD: Front for the Restoration and Defence of Democracy,5,Police Forces of Niger (1996-1999),,1,15,Western Africa,Niger,Maradi,Madarounfa,Mjiratawa,Maradi,13.5,7.1017,2,Reuters,International,Members of the Front for the Restoration and Defence of Democracy held protests calling for the resignation of President Mainassara. Ten people were injured during the protest. Police responded by firing teargas into the crowd.,0,1552577675,NER
5011661,562,NIR60,60,13-Apr-98,1998,1,Riots,Violent demonstration,Rioters (Niger),FRDD: Front for the Restoration and Defence of Democracy,5,Police Forces of Niger (1996-1999),,1,15,Western Africa,Niger,Tahoua,Tahoua,Tahoua,Tahoua,14.89,5.27,1,Reuters,International,"The Front for the Restoration and Defence of Democracy clashed with police in a demonstration against President Mainassara. About twenty people were injured, including twelve security forces.",0,1552577675,NER
5012199,562,NIR55,55,02-Mar-98,1998,1,Battles,Government regains territory,Mutiny of Military Forces of Niger (1996-1999),,1,Military Forces of Niger (1996-1999),,1,11,Western Africa,Niger,Agadez,Tchirozerine,ZR Tchirozerine,Agadez,16.97,7.99,1,Reuters,International,Government regained sites where soldiers mutinied. Soldiers released hostages anad government said they would listen to demands,0,1552577676,NER
5012200,562,NIR56,56,02-Mar-98,1998,1,Battles,Government regains territory,Mutiny of Military Forces of Niger (1996-1999),,1,Military Forces of Niger (1996-1999),,1,11,Western Africa,Niger,Agadez,Arlit,ZR Arlit,Arlit,18.74,7.39,1,Reuters,International,Government regained sites where soldiers mutinied. Soldiers released hostages anad government said they would listen to demands,0,1552577676,NER
5012201,562,NIR57,57,02-Mar-98,1998,1,Battles,Government regains territory,Mutiny of Military Forces of Niger (1996-1999),,1,Military Forces of Niger (1996-1999),,1,11,Western Africa,Niger,Diffa,Diffa,Diffa,Diffa,13.32,12.61,1,Reuters,International,Government regained sites where soldiers mutinied. Soldiers released hostages anad government said they would listen to demands,0,1552577676,NER
5012202,562,NIR58,58,02-Mar-98,1998,1,Battles,Government regains territory,Mutiny of Military Forces of Niger (1996-1999),,1,Military Forces of Niger (1996-1999),,1,11,Western Africa,Niger,Zinder,Mirriah,Gouna,Zinder,13.65,9.1833,1,Reuters,International,Government regained sites where soldiers mutinied. Soldiers released hostages anad government said they would listen to demands,0,1552577676,NER
5012253,562,NIR52,52,01-Mar-98,1998,1,Battles,Non-state actor overtakes territory,Mutiny of Military Forces of Niger (1996-1999),,1,Military Forces of Niger (1996-1999),,1,11,Western Africa,Niger,Agadez,Arlit,ZR Arlit,Arlit,18.74,7.39,1,Reuters,International,"Soldiers mutinied over unpaid salaries and living conditions by taking over the towns of Diffa, Arlit, Zinder, and Agadez. During the mutiny, there was one reported death of a child by soldiers and four civilians were taken hostage but released on 2 Marc",0,1552577676,NER
5012254,562,NIR53,53,01-Mar-98,1998,1,Battles,Non-state actor overtakes territory,Mutiny of Military Forces of Niger (1996-1999),,1,Military Forces of Niger (1996-1999),,1,11,Western Africa,Niger,Diffa,Diffa,Diffa,Diffa,13.32,12.61,1,Reuters,International,"Soldiers mutinied over unpaid salaries and living conditions by taking over the towns of Diffa, Arlit, Zinder, and Agadez. During the mutiny, there was one reported death of a child by soldiers and four civilians were taken hostage but released on 2 Marc",0,1552577676,NER
5012255,562,NIR54,54,01-Mar-98,1998,1,Battles,Non-state actor overtakes territory,Mutiny of Military Forces of Niger (1996-1999),,1,Military Forces of Niger (1996-1999),,1,11,Western Africa,Niger,Zinder,Mirriah,Gouna,Zinder,13.65,9.1833,1,Reuters,International,"Soldiers mutinied over unpaid salaries and living conditions by taking over the towns of Diffa, Arlit, Zinder, and Agadez. During the mutiny, there was one reported death of a child by soldiers and four civilians were taken hostage but released on 2 Marc",0,1552577676,NER
5012216,562,NIR51,51,01-Mar-98,1998,1,Battles,Non-state actor overtakes territory,Mutiny of Military Forces of Niger (1996-1999),,1,Military Forces of Niger (1996-1999),,1,11,Western Africa,Niger,Agadez,Tchirozerine,ZR Tchirozerine,Agadez,16.97,7.99,1,Reuters,International,"Soldiers mutinied over unpaid salaries and living conditions by taking over the towns of Diffa, Arlit, Zinder, and Agadez. During the mutiny, there was one reported death of a child by soldiers and four civilians were taken hostage but released on 2 Marc",0,1552577676,NER
5012276,562,NIR47,47,28-Feb-98,1998,1,Battles,Non-state actor overtakes territory,Mutiny of Military Forces of Niger (1996-1999),,1,Military Forces of Niger (1996-1999),,1,11,Western Africa,Niger,Agadez,Tchirozerine,ZR Tchirozerine,Agadez,16.97,7.99,1,Reuters,International,"Soldiers mutinied over unpaid salaries and living conditions by taking over the towns of Diffa, Arlit, Zinder, and Agadez. During the mutiny, there was one reported death of a child by soldiers and four civilians were taken hostage but released on 2 Marc",0,1552577676,NER
5012289,562,NIR48,48,28-Feb-98,1998,1,Battles,Non-state actor overtakes territory,Mutiny of Military Forces of Niger (1996-1999),,1,Military Forces of Niger (1996-1999),,1,11,Western Africa,Niger,Agadez,Arlit,ZR Arlit,Arlit,18.74,7.39,1,Reuters,International,"Soldiers mutinied over unpaid salaries and living conditions by taking over the towns of Diffa, Arlit, Zinder, and Agadez. During the mutiny, there was one reported death of a child by soldiers and four civilians were taken hostage but released on 2 Marc",0,1552577676,NER
5012290,562,NIR49,49,28-Feb-98,1998,1,Battles,Non-state actor overtakes territory,Mutiny of Military Forces of Niger (1996-1999),,1,Military Forces of Niger (1996-1999),,1,11,Western Africa,Niger,Diffa,Diffa,Diffa,Diffa,13.32,12.61,1,Reuters,International,"Soldiers mutinied over unpaid salaries and living conditions by taking over the towns of Diffa, Arlit, Zinder, and Agadez. During the mutiny, there was one reported death of a child by soldiers and four civilians were taken hostage but released on 2 Marc",0,1552577676,NER
5012291,562,NIR50,50,28-Feb-98,1998,1,Battles,Non-state actor overtakes territory,Mutiny of Military Forces of Niger (1996-1999),,1,Military Forces of Niger (1996-1999),,1,11,Western Africa,Niger,Zinder,Mirriah,Gouna,Zinder,13.65,9.1833,1,Reuters,International,"Soldiers mutinied over unpaid salaries and living conditions by taking over the towns of Diffa, Arlit, Zinder, and Agadez. During the mutiny, there was one reported death of a child by soldiers and four civilians were taken hostage but released on 2 Marc",0,1552577676,NER
5920586,562,NIR46,46,27-Feb-98,1998,1,Riots,Violent demonstration,Rioters (Niger),Students (Niger),5,Police Forces of Niger (1996-1999),,1,15,Western Africa,Niger,Niamey,Ville de Niamey,Lamorde,Niamey,13.52,2.12,1,Reuters,International,Students rioted over bursary arrears. Police fired teargas into the crowd and rioters threw stones at police. Four students were injured.,0,1567465430,NER
5012311,562,NIR42,42,27-Feb-98,1998,1,Battles,Non-state actor overtakes territory,Mutiny of Military Forces of Niger (1996-1999),,1,Military Forces of Niger (1996-1999),,1,11,Western Africa,Niger,Agadez,Tchirozerine,ZR Tchirozerine,Agadez,16.97,7.99,1,Reuters,International,"Soldiers mutinied over unpaid salaries and living conditions by taking over the towns of Diffa, Arlit, Zinder, and Agadez. During the mutiny, there was one reported death of a child by soldiers and four civilians were taken hostage but released on 2 Marc",0,1552577676,NER
5012313,562,NIR43,43,27-Feb-98,1998,1,Battles,Non-state actor overtakes territory,Mutiny of Military Forces of Niger (1996-1999),,1,Military Forces of Niger (1996-1999),,1,11,Western Africa,Niger,Agadez,Arlit,ZR Arlit,Arlit,18.74,7.39,1,Reuters,International,"Soldiers mutinied over unpaid salaries and living conditions by taking over the towns of Diffa, Arlit, Zinder, and Agadez. During the mutiny, there was one reported death of a child by soldiers and four civilians were taken hostage but released on 2 Marc",0,1552577676,NER
5012314,562,NIR44,44,27-Feb-98,1998,1,Battles,Non-state actor overtakes territory,Mutiny of Military Forces of Niger (1996-1999),,1,Military Forces of Niger (1996-1999),,1,11,Western Africa,Niger,Diffa,Diffa,Diffa,Diffa,13.32,12.61,1,Reuters,International,"Soldiers mutinied over unpaid salaries and living conditions by taking over the towns of Diffa, Arlit, Zinder, and Agadez. During the mutiny, there was one reported death of a child by soldiers and four civilians were taken hostage but released on 2 Marc",0,1552577676,NER
5012315,562,NIR45,45,27-Feb-98,1998,1,Battles,Non-state actor overtakes territory,Mutiny of Military Forces of Niger (1996-1999),,1,Military Forces of Niger (1996-1999),,1,11,Western Africa,Niger,Zinder,Mirriah,Gouna,Zinder,13.65,9.1833,1,Reuters,International,"Soldiers mutinied over unpaid salaries and living conditions by taking over the towns of Diffa, Arlit, Zinder, and Agadez. During the mutiny, there was one reported death of a child by soldiers and four civilians were taken hostage but released on 2 Marc",0,1552577676,NER
5012321,562,NIR37,37,26-Feb-98,1998,1,Battles,Non-state actor overtakes territory,Mutiny of Military Forces of Niger (1996-1999),,1,Military Forces of Niger (1996-1999),,1,11,Western Africa,Niger,Agadez,Tchirozerine,ZR Tchirozerine,Agadez,16.97,7.99,1,Reuters,International,"Soldiers mutinied over unpaid salaries and living conditions by taking over the towns of Diffa, Arlit, Zinder, and Agadez. During the mutiny, there was one reported death of a child by soldiers and four civilians were taken hostage but released on 2 Marc",0,1552577676,NER
5012322,562,NIR41,41,26-Feb-98,1998,1,Violence against civilians,Attack,Mutiny of Military Forces of Niger (1996-1999),,1,Civilians (Niger),,7,17,Western Africa,Niger,Agadez,Tchirozerine,ZR Tchirozerine,Agadez,16.97,7.99,1,Reuters,International,"Soldiers mutinied over unpaid salaries and living conditions by taking over the towns of Diffa, Arlit, Zinder, and Agadez. During the mutiny, there was one reported death of a child by soldiers and four civilians were taken hostage but released on 2 Marc",0,1552577676,NER
5012327,562,NIR38,38,26-Feb-98,1998,1,Battles,Non-state actor overtakes territory,Mutiny of Military Forces of Niger (1996-1999),,1,Military Forces of Niger (1996-1999),,1,11,Western Africa,Niger,Agadez,Arlit,ZR Arlit,Arlit,18.74,7.39,1,Reuters,International,"Soldiers mutinied over unpaid salaries and living conditions by taking over the towns of Diffa, Arlit, Zinder, and Agadez. During the mutiny, there was one reported death of a child by soldiers and four civilians were taken hostage but released on 2 Marc",0,1552577676,NER
5012328,562,NIR39,39,26-Feb-98,1998,1,Battles,Non-state actor overtakes territory,Mutiny of Military Forces of Niger (1996-1999),,1,Military Forces of Niger (1996-1999),,1,11,Western Africa,Niger,Diffa,Diffa,Diffa,Diffa,13.32,12.61,1,Reuters,International,"Soldiers mutinied over unpaid salaries and living conditions by taking over the towns of Diffa, Arlit, Zinder, and Agadez. During the mutiny, there was one reported death of a child by soldiers and four civilians were taken hostage but released on 2 Marc",0,1552577676,NER
5012329,562,NIR40,40,26-Feb-98,1998,1,Battles,Non-state actor overtakes territory,Mutiny of Military Forces of Niger (1996-1999),,1,Military Forces of Niger (1996-1999),,1,11,Western Africa,Niger,Zinder,Mirriah,Gouna,Zinder,13.65,9.1833,1,Reuters,International,"Soldiers mutinied over unpaid salaries and living conditions by taking over the towns of Diffa, Arlit, Zinder, and Agadez. During the mutiny, there was one reported death of a child by soldiers and four civilians were taken hostage but released on 2 Marc",0,1552577676,NER
5012337,562,NIR36,36,25-Feb-98,1998,1,Battles,Non-state actor overtakes territory,Mutiny of Military Forces of Niger (1996-1999),,1,Military Forces of Niger (1996-1999),,1,11,Western Africa,Niger,Diffa,Diffa,Diffa,Diffa,13.32,12.61,1,Reuters,International,"Soldiers mutinied over unpaid salaries and living conditions by taking over the towns of Diffa, Arlit, Zinder, and Agadez. During the mutiny, there was one reported death of a child by soldiers and four civilians were taken hostage but released on 2 Marc",0,1552577676,NER
5012348,562,NIR35,35,24-Feb-98,1998,1,Battles,Non-state actor overtakes territory,Mutiny of Military Forces of Niger (1996-1999),,1,Military Forces of Niger (1996-1999),,1,11,Western Africa,Niger,Diffa,Diffa,Diffa,Diffa,13.32,12.61,1,Reuters,International,"Soldiers mutinied over unpaid salaries and living conditions by taking over the towns of Diffa, Arlit, Zinder, and Agadez. During the mutiny, there was one reported death of a child by soldiers and four civilians were taken hostage but released on 2 Marc",0,1552577676,NER
5012356,562,NIR34,34,23-Feb-98,1998,1,Battles,Non-state actor overtakes territory,Mutiny of Military Forces of Niger (1996-1999),,1,Military Forces of Niger (1996-1999),,1,11,Western Africa,Niger,Diffa,Diffa,Diffa,Diffa,13.32,12.61,1,Reuters,International,"Soldiers mutinied over unpaid salaries and living conditions by taking over the towns of Diffa, Arlit, Zinder, and Agadez. During the mutiny, there was one reported death of a child by soldiers and four civilians were taken hostage but released on 2 Marc",0,1552577676,NER
5012361,562,NIR33,33,22-Feb-98,1998,1,Battles,Non-state actor overtakes territory,Mutiny of Military Forces of Niger (1996-1999),,1,Military Forces of Niger (1996-1999),,1,11,Western Africa,Niger,Diffa,Diffa,Diffa,Diffa,13.32,12.61,1,Reuters,International,"Soldiers mutinied over unpaid salaries and living conditions by taking over the towns of Diffa, Arlit, Zinder, and Agadez. During the mutiny, there was one reported death of a child by soldiers and four civilians were taken hostage but released on 2 Marc",0,1552577676,NER
5012375,562,NIR32,32,21-Feb-98,1998,1,Battles,Non-state actor overtakes territory,Mutiny of Military Forces of Niger (1996-1999),,1,Military Forces of Niger (1996-1999),,1,11,Western Africa,Niger,Diffa,Diffa,Diffa,Diffa,13.32,12.61,1,Reuters,International,"Soldiers mutinied over unpaid salaries and living conditions by taking over the towns of Diffa, Arlit, Zinder, and Agadez. During the mutiny, there was one reported death of a child by soldiers and four civilians were taken hostage but released on 2 Marc",1,1552577676,NER
5012960,562,NIR31,31,11-Jan-98,1998,1,Battles,Armed clash,ADIN: Association for the Propagation of Islam in Niger,,3,Adoua Ethnic Militia (Niger),,4,34,Western Africa,Niger,Dosso,Dogondoutchi,Dogondoutchi,Adoua,14.04,4.38,1,Reuters,International,Clashes broke out between villagers of Adoua and the Association for the Propagation of Islam in Niger (ADIN). ADIN had been preaching in the village after the municipal authorities and traditional leaders banned them from preaching. Four people were inj,0,1552577677,NER
5012972,562,NIR30,30,09-Jan-98,1998,1,Violence against civilians,Attack,Unidentified Armed Group (Niger),,3,Civilians (Niger),,7,37,Western Africa,Niger,Agadez,Tchirozerine,ZR Tchirozerine,Agadez,16.97,7.99,1,Reuters,International,An Italian tourist was killed by an unidentified armed group in a former Tuareg stronghold. Tuareg rebels signed a peace treaty less than a month earlier.,1,1552577677,NER
6306696,562,NIR28,28,28-Nov-97,1997,1,Battles,Armed clash,Tuareg Ethnic Militia (Niger),,4,Military Forces of Niger (1996-1999),,1,14,Western Africa,Niger,Tahoua,Tahoua,Tahoua,Tahoua,14.89,5.27,1,RFI,International,"Clashes broke out between Tuareg rebels and military forces after Tuareg rebels attacked travellers. One Tuareg rebel was killed, one wounded and one arrested.",1,1572403775,NER
6306810,562,NIR29,29,28-Nov-97,1997,1,Violence against civilians,Attack,Tuareg Ethnic Militia (Niger),,4,Civilians (Niger),,7,47,Western Africa,Niger,Tahoua,Tahoua,Tahoua,Tahoua,14.89,5.27,1,RFI,International,"Clashes broke out between Tuareg rebels and military forces after Tuareg rebels attacked travellers. One Tuareg rebel was killed, one wounded and one arrested.",0,1572403775,NER
5013419,562,NIR27,27,08-Nov-97,1997,1,Battles,Armed clash,FARS: Revolutionary Armed Forces of the Sahara,Union of Resistance Forces,2,Military Forces of Niger (1996-1999),,1,12,Western Africa,Niger,Agadez,Tchirozerine,ZR Tchirozerine,Agadez,16.97,7.99,1,Reuters,International,Military troops clashed with Tuareg rebels (UFRA) and Toubou (FARS rebels) rebels. 27 rebels were killed and one soldier.,28,1552577677,NER
5879675,562,NIR25,25,19-Oct-97,1997,1,Battles,Armed clash,Military Forces of Niger (1996-1999),,1,Unidentified Armed Group (Niger),,3,13,Western Africa,Niger,Agadez,Tchirozerine,ZR Tchirozerine,Aderbissinat,15.63,7.89,1,Voix du Sahel,National,"100 armed men attacked eight vehicles. The clashes resulted in: 6 officers killed, one civilian, and 20 armed men. It is not confirmed which group carried out the attacks. It is suspected to be FARS.",26,1567462294,NER
6306691,562,NIR24,24,08-Oct-97,1997,1,Violence against civilians,Attack,FARS: Revolutionary Armed Forces of the Sahara,,2,Civilians (Niger),,7,27,Western Africa,Niger,Agadez,Tchirozerine,ZR Tchirozerine,Agadez,16.97,7.99,1,RFI,International,The Revolutionary Armed Forces of the Sahara (FARS) attacked a military convoy. They took five people hostage- four were civilians. FARS claimed they killed 13 soldiers in the attack.,0,1572403775,NER
6306487,562,NIR23,23,08-Oct-97,1997,1,Battles,Armed clash,Military Forces of Niger (1996-1999),,1,FARS: Revolutionary Armed Forces of the Sahara,,2,12,Western Africa,Niger,Agadez,Tchirozerine,ZR Tchirozerine,Agadez,16.97,7.99,1,RFI,International,The Revolutionary Armed Forces of the Sahara (FARS) attacked a military convoy. They took five people hostage- four were civilians. FARS claimed they killed 13 soldiers in the attack.,13,1572403775,NER
5879669,562,NIR22,22,20-Sep-97,1997,1,Battles,Armed clash,Military Forces of Niger (1996-1999),,1,FARS: Revolutionary Armed Forces of the Sahara,,2,12,Western Africa,Niger,Agadez,Bilma,Bilma,Madama,21.94,13.64,1,Voix du Sahel,National,"A military post in Madama was attacked by members of the Revolutionary Armed Forces of the Sahara (FARS). Five people were wounded. During the attack, a truck hit a mine, killing five people.",5,1567462294,NER
5014399,562,NIR21,21,20-Jul-97,1997,1,Protests,Peaceful protest,Protesters (Niger),FRDD: Front for the Restoration and Defence of Democracy,6,,,0,60,Western Africa,Niger,Zinder,Mirriah,Gouna,Zinder,13.65,9.1833,1,Reuters,International,Opposition parties protested against the anniversary of the election of President Mainassara.,0,1552577679,NER
5014401,562,NIR20,20,20-Jul-97,1997,1,Protests,Peaceful protest,Protesters (Niger),FRDD: Front for the Restoration and Defence of Democracy,6,,,0,60,Western Africa,Niger,Niamey,Ville de Niamey,Lamorde,Niamey,13.52,2.12,1,Reuters,International,Opposition parties protested against the anniversary of the election of President Mainassara.,0,1552577679,NER
6306851,562,NIR19,19,19-Jul-97,1997,1,Battles,Armed clash,FDR: Democratic Front for Renewal,,2,Military Forces of Niger (1996-1999),,1,12,Western Africa,Niger,Diffa,Diffa,Diffa,Diffa,13.32,12.61,1,RFI,International,"The Democratic Front for Renewal claimed that Niger and Chadian forces attacked their compound and left 17 dead. As a result, the FDR is withdrawing from the 1995 peace agreements.",17,1572403775,NER
5879671,562,NIR18,18,09-Jul-97,1997,1,Violence against civilians,Attack,Unidentified Armed Group (Niger),,3,Civilians (Niger),Pastoralists (Niger),7,37,Western Africa,Niger,Tillaberi,Banibangou,Bani Bangou,Bani Bangou,15.0416,2.7037,1,Voix du Sahel,National,"Armed banits from Mali attacked cattle herdsmen. Twelve herdsmen were killed, 500 cattle were stolen and money stolen.",12,1567462294,NER
5014543,562,NIR15,15,08-Jul-97,1997,1,Riots,Violent demonstration,Rioters (Niger),,5,Police Forces of Niger (1996-1999),,1,15,Western Africa,Niger,Maradi,Madarounfa,Mjiratawa,Maradi,13.5,7.1017,1,Reuters,International,Opposition parties staged a protest on the anniversary of President Mainassara transitioning from coup leader to President. Rioters set tires on fire and threw stones at police.,0,1552577679,NER
5014544,562,NIR17,17,08-Jul-97,1997,1,Riots,Violent demonstration,Rioters (Niger),,5,Police Forces of Niger (1996-1999),,1,15,Western Africa,Niger,Zinder,Mirriah,Gouna,Zinder,13.65,9.1833,1,Reuters,International,Opposition parties staged a protest on the anniversary of President Mainassara transitioning from coup leader to President. Rioters set tires on fire and threw stones at police.,0,1552577679,NER
5014547,562,NIR16,16,08-Jul-97,1997,1,Riots,Violent demonstration,Rioters (Niger),,5,Police Forces of Niger (1996-1999),,1,15,Western Africa,Niger,Niamey,Ville de Niamey,Lamorde,Niamey,13.52,2.12,1,Reuters,International,"Opposition parties staged a protest on the anniversary of President Mainassara transitioning from coup leader to President. Protesters clashed with police, resulting in one person injured and four arrested.",0,1552577679,NER
5014707,562,NIR14,14,25-Jun-97,1997,1,Battles,Armed clash,Police Forces of Niger (1996-1999),,1,Unidentified Armed Group (Niger),,3,13,Western Africa,Niger,Diffa,N'Guigmi,N Guigmi,N Guigmi,14.2495,13.1092,1,Reuters,International,Two policemen and two customs officers were killed by armed bandits at a customs post.,4,1552577679,NER
5879674,562,NIR13,13,13-Jun-97,1997,1,Violence against civilians,Abduction/forced disappearance,Military Forces of Niger (1996-1999),,1,Civilians (Niger),,7,17,Western Africa,Niger,Maradi,Madarounfa,Mjiratawa,Maradi,13.5,7.1017,1,Voix du Sahel,National,Soldiers from the Maradi Defence Zone took a commander hostage in order to demand payment of arrears. Demands were listened to and hostage released.,0,1567462294,NER
6306101,562,NIR12,12,31-May-97,1997,1,Battles,Armed clash,FDR: Democratic Front for Renewal,,2,Military Forces of Niger (1996-1999),,1,12,Western Africa,Niger,Diffa,Diffa,Diffa,Diffa,13.32,12.61,1,RFI,International,Fighting broke out between the Democratic Front for Renewal (FDR) (Toubou rebels) and Niger military forces. Casualties were reported on both sides but not the number of casualties.,0,1572403774,NER
5015997,562,NIR8,8,09-Feb-97,1997,1,Battles,Armed clash,Islamist Militia (Algeria),,3,Police Forces of Niger (1996-1999),,1,13,Western Africa,Niger,Maradi,Aguie,Aguie,Tchadaoua,13.55,7.45,1,All Africa,Regional,Clashes broke out between Islamic fundamentalists and police after the former group attempted to release a Holy Man (also called a marabout) who had been arrested. Seven security officers were wounded and six civilians.,0,1552577681,NER
5015998,562,NIR9,9,09-Feb-97,1997,1,Violence against civilians,Attack,Police Forces of Niger (1996-1999),,1,Civilians (Niger),,7,17,Western Africa,Niger,Maradi,Aguie,Aguie,Tchadaoua,13.55,7.45,1,All Africa,Regional,Clashes broke out between Islamic fundamentalists and police after the former group attempted to release a Holy Man (also called a marabout) who had been arrested. Seven security officers were wounded and six civilians.,0,1552577681,NER
5015999,562,NIR10,10,09-Feb-97,1997,1,Violence against civilians,Attack,Islamist Militia (Niger),,3,Civilians (Niger),,7,37,Western Africa,Niger,Maradi,Aguie,Aguie,Tchadaoua,13.55,7.45,1,All Africa,Regional,Clashes broke out between Islamic fundamentalists and police after the former group attempted to release a Holy Man (also called a marabout) who had been arrested. Seven security officers were wounded and six civilians.,0,1552577681,NER
5016072,562,NIR7,7,27-Jan-97,1997,1,Riots,Mob violence,Rioters (Niger),FRDD: Front for the Restoration and Defence of Democracy,5,Police Forces of Niger (1996-1999),,1,15,Western Africa,Niger,Diffa,Diffa,Diffa,Diffa,13.32,12.61,1,AFP,International,Supporters of the opposition party and police clashed. Clashes erupted since 27 January marked the year anniversary of Mainassaras coup that brought him to power. Eight people were hurt the violence.,0,1552577681,NER
5016082,562,NIR6,6,25-Jan-97,1997,1,Protests,Peaceful protest,Protesters (Niger),FRDD: Front for the Restoration and Defence of Democracy,6,,,0,60,Western Africa,Niger,Niamey,Ville de Niamey,Lamorde,Niamey,13.52,2.12,1,Reuters,International,Opposition groups protested for the release of opposition leaders arrested on 11 of January protests.,0,1552577681,NER
5016128,562,NIR5,5,19-Jan-97,1997,1,Battles,Armed clash,Military Forces of Niger (1996-1999),,1,Unidentified Armed Group (Niger),,3,13,Western Africa,Niger,Agadez,Bilma,Bilma,Madama,21.94,13.64,1,All Africa,Regional,Clashes broke out between armed bandits and Niger military forces after bandits stole 19 Libyan vehicles and munitions. 14 armed bandits were killed by the Niger military.,14,1552577681,NER
5016135,562,NIR4,4,18-Jan-97,1997,1,Protests,Peaceful protest,Protesters (Niger),FRDD: Front for the Restoration and Defence of Democracy,6,,,0,60,Western Africa,Niger,Niamey,Ville de Niamey,Lamorde,Niamey,13.52,2.12,1,Reuters,International,Opposition supporters protested the arrest of three opposition leaders.,0,1552577681,NER
5016217,562,NIR2,2,11-Jan-97,1997,1,Riots,Violent demonstration,Rioters (Niger),,5,Police Forces of Niger (1996-1999),,1,15,Western Africa,Niger,Diffa,Diffa,Diffa,Diffa,13.32,12.61,1,Reuters,International,Protests calling for pro-democracy turned violent when militants of the opposition partys clashed with Police forces. Protests were accusing President Mainassara of rigging elections that were held after a coup led by Mainassara toppled the previous g,0,1552577681,NER
5016221,562,NIR3,3,11-Jan-97,1997,1,Riots,Violent demonstration,Rioters (Niger),FRDD: Front for the Restoration and Defence of Democracy,5,Police Forces of Niger (1996-1999),,1,15,Western Africa,Niger,Niamey,Ville de Niamey,Lamorde,Niamey,13.52,2.12,1,Reuters,International,Protests calling for pro-democracy turned violent when militants of the opposition partys began setting up barricades of burning tires. Police fired teargas into the crowds. Protests were accusing President Mainassara of rigging elections that were he,0,1552577681,NER
5205154,562,NIR1,1,06-Jan-97,1997,1,Violence against civilians,Attack,Tuareg Ethnic Militia (Niger),,4,Civilians (Niger),Women (Niger),7,47,Western Africa,Niger,Niamey,Ville de Niamey,Lamorde,Niamey,13.52,2.12,1,Reuters,International,A french woman was shot and killed by Tuareg rebels who had previously agreed to disarm and end a revolt against the government.,1,1559160532,NER
